"item","state","centre","seg","zoneCode","stateCode","mean","median","dotPosition","boxPosition"
"Maize White","Abia","Aba ukwu amano",93,3,13,58.6666666666667,80,15,3
"Rice Local","Abia","Aba",9,3,13,22,3,33,6
"Drink Swan Water Bottle","Abia","Aba",94,3,13,60.5,87,9,2
"Maize Yellow","Abia","Aba",73,3,13,48.5,57.5,21,4
"Maize Yellow","Abia","Aba ukwu amano",79,3,13,48.5,57.5,21,4
"Rice Local","Abia","Aba ukwu amano",3,3,13,22,3,33,6
"Cement Dangote","Abia","Umuahia",85,3,13,54.8333333333333,75.5,3,1
"Sorghum","Abia","Aba ukwu amano",95,3,13,61.8333333333333,89.5,39,7
"Rice Imported","Abia","Aba",71,3,13,31.5,27.5,27,5
"Rice Local","Abia","Umuahia",0,3,13,22,3,33,6
"Sorghum","Adamawa","Numan",91,6,32,59.7142857142857,73,42,7
"Maize White","Adamawa","Numan",80,6,32,73.6666666666667,98,18,3
"Rice Local","Adamawa","Numan",74,6,32,66.2222222222222,81,36,6
"Maize Yellow","Adamawa","Numan",97,6,32,61.8888888888889,86,24,4
"Drink Swan Water Bottle","Adamawa","Numan",97,6,32,54.2222222222222,46,12,2
"Rice Imported","Adamawa","Numan",92,6,32,61.7777777777778,86,30,5
"Rice Local","Akwa Ibom","Abak",76,2,7,80.5,80,32,6
"Rice Imported","Akwa Ibom","Abak",78,2,7,81.8,80,26,5
"Drink Swan Water Bottle","Akwa Ibom","Uyo",69,2,7,75.5,75.5,8,2
"Sorghum","Akwa Ibom","Idua Assang",75,2,7,79.6,78,38,7
"Cement Dangote","Akwa Ibom","Idua Assang",73,2,7,68.3333333333333,73,2,1
"Maize Yellow","Akwa Ibom","Uyo",92,2,7,77.2,85,20,4
"Maize White","Akwa Ibom","Abak",95,2,7,81.2,82,14,3
"Maize White","Anambra","Onitsha",74,3,14,58.6666666666667,80,15,3
"Rice Local","Anambra","Akwa",77,3,14,22,3,33,6
"Rice Imported","Anambra","Onitsha",55,3,14,31.5,27.5,27,5
"Sorghum","Anambra","Onitsha",93,3,14,61.8333333333333,89.5,39,7
"Maize Yellow","Anambra","Awka",42,3,14,48.5,57.5,21,4
"Drink Swan Water Bottle","Anambra","Nnewi",93,3,14,60.5,87,9,2
"Cement Dangote","Anambra","Nnewi",78,3,14,54.8333333333333,75.5,3,1
"Drink Swan Water Bottle","Bauchi","Azare",3,6,33,54.2222222222222,46,12,2
"Maize Yellow","Bauchi","Azare",0,6,33,61.8888888888889,86,24,4
"Rice Local","Bauchi","Central market - Bauchi",91,6,33,66.2222222222222,81,36,6
"Cement Dangote","Bauchi","Ningi",1,6,33,46.7142857142857,71,6,1
"Sorghum","Bauchi","Central market - Bauchi",1,6,33,59.7142857142857,73,42,7
"Rice Imported","Bauchi","Azare",0,6,33,61.7777777777778,86,30,5
"Rice Local","Bauchi","Bauchi",90,6,33,66.2222222222222,81,36,6
"Drink Swan Water Bottle","Bauchi","Ningi",0,6,33,54.2222222222222,46,12,2
"Maize White","Bauchi","Azare",99,6,33,73.6666666666667,98,18,3
"Maize Yellow","Bauchi","Ningi",0,6,33,61.8888888888889,86,24,4
"Rice Imported","Bauchi","Bauchi",0,6,33,61.7777777777778,86,30,5
"Maize White","Bauchi","Ningi",99,6,33,73.6666666666667,98,18,3
"Cement Dangote","Bauchi","Central market - Bauchi",0,6,33,46.7142857142857,71,6,1
"Cement Dangote","Bauchi","Azare",0,6,33,46.7142857142857,71,6,1
"Drink Swan Water Bottle","Bauchi","Central market - Bauchi",10,6,33,54.2222222222222,46,12,2
"Rice Imported","Bauchi","Central market - Bauchi",0,6,33,61.7777777777778,86,30,5
"Rice Local","Bauchi","Azare",89,6,33,66.2222222222222,81,36,6
"Maize White","Bauchi","Central market - Bauchi",99,6,33,73.6666666666667,98,18,3
"Maize Yellow","Bauchi","Central market - Bauchi",0,6,33,61.8888888888889,86,24,4
"Sorghum","Bauchi","Azare",0,6,33,59.7142857142857,73,42,7
"Cement Dangote","Benue","Gboko",71,5,25,56,73,5,1
"Rice Imported","Benue","Katsina-Ala",100,5,25,63.8571428571429,82,29,5
"Maize Yellow","Benue","Markudi",97,5,25,66.375,88,23,4
"Sorghum","Benue","Katsina-Ala",95,5,25,72,80,41,7
"Rice Local","Benue","Gboko",93,5,25,67.375,87.5,35,6
"Maize White","Benue","Markudi",99,5,25,66.625,84,17,3
"Drink Swan Water Bottle","Benue","Otukpo",98,5,25,72.1428571428571,95,11,2
"Cement Dangote","Borno","Bama",71,6,34,46.7142857142857,71,6,1
"Maize White","Borno","Gamboru",0,6,34,73.6666666666667,98,18,3
"Rice Local","Borno","Gamboru",1,6,34,66.2222222222222,81,36,6
"Maize White","Borno","Maiduguri",0,6,34,73.6666666666667,98,18,3
"Sorghum","Borno","Maiduguri",73,6,34,59.7142857142857,73,42,7
"Cement Dangote","Borno","Maiduguri",72,6,34,46.7142857142857,71,6,1
"Maize Yellow","Borno","Maiduguri",86,6,34,61.8888888888889,86,24,4
"Rice Imported","Borno","Maiduguri",99,6,34,61.7777777777778,86,30,5
"Sorghum","Borno","Gamboru",71,6,34,59.7142857142857,73,42,7
"Rice Local","Borno","Maiduguri",1,6,34,66.2222222222222,81,36,6
"Maize Yellow","Borno","Gamboru",84,6,34,61.8888888888889,86,24,4
"Rice Imported","Borno","Bama",83,6,34,61.7777777777778,86,30,5
"Drink Swan Water Bottle","Borno","Maiduguri",43,6,34,54.2222222222222,46,12,2
"Drink Swan Water Bottle","Borno","Bama",46,6,34,54.2222222222222,46,12,2
"Maize Yellow","Cross River","Calabar",50,2,9,77.2,85,20,4
"Rice Imported","Cross River","Obudu",91,2,9,81.8,80,26,5
"Maize White","Cross River","Ogoja",88,2,9,81.2,82,14,3
"Sorghum","Cross River","Obudu",88,2,9,79.6,78,38,7
"Drink Swan Water Bottle","Cross River","Calabar",58,2,9,75.5,75.5,8,2
"Rice Local","Cross River","Ogoja",78,2,9,80.5,80,32,6
"Cement Dangote","Delta","Asaba",86,2,10,68.3333333333333,73,2,1
"Sorghum","Delta","Warri",93,2,10,79.6,78,38,7
"Maize White","Delta","Warri",78,2,10,81.2,82,14,3
"Rice Local","Delta","Sapele",82,2,10,80.5,80,32,6
"Drink Swan Water Bottle","Delta","Asaba",82,2,10,75.5,75.5,8,2
"Maize Yellow","Delta","Sapele",70,2,10,77.2,85,20,4
"Rice Imported","Delta","Warri",83,2,10,81.8,80,26,5
"Sorghum","Ebonyi","Abakaliki",86,3,15,61.8333333333333,89.5,39,7
"Cement Dangote","Ebonyi","Eke Market",93,3,15,54.8333333333333,75.5,3,1
"Maize White","Ebonyi","Abakaliki",86,3,15,58.6666666666667,80,15,3
"Drink Swan Water Bottle","Ebonyi","Afikpo",87,3,15,60.5,87,9,2
"Maize White","Edo","Ekpoma",82,2,11,81.2,82,14,3
"Rice Imported","Edo","Benin",77,2,11,81.8,80,26,5
"Sorghum","Edo","Uromi",64,2,11,79.6,78,38,7
"Maize Yellow","Edo","Ekpoma",89,2,11,77.2,85,20,4
"Rice Local","Edo","Benin",86,2,11,80.5,80,32,6
"Sorghum","Ekiti","Ikole-Ekiti",49,1,1,52.8333333333333,46.5,37,7
"Cement Dangote","Ekiti","Ilaro",22,1,1,47.8333333333333,48.5,1,1
"Cement Dangote","Ekiti","Ikole-Ekiti",82,1,1,47.8333333333333,48.5,1,1
"Maize Yellow","Ekiti","Emure",38,1,1,51.8333333333333,44.5,19,4
"Rice Local","Ekiti","Ado-Ekiti",19,1,1,40.1666666666667,28,31,6
"Drink Swan Water Bottle","Ekiti","Ilaro",75,1,1,75.2,79,7,2
"Maize Yellow","Ekiti","Ilaro",37,1,1,51.8333333333333,44.5,19,4
"Maize White","Ekiti","Emure",65,1,1,60.1666666666667,63,13,3
"Maize Yellow","Enugu","Enugu",1,3,16,48.5,57.5,21,4
"Maize White","Enugu","Orba",0,3,16,58.6666666666667,80,15,3
"Cement Dangote","Enugu","Nsukka",0,3,16,54.8333333333333,75.5,3,1
"Rice Imported","Enugu","Nsukka",0,3,16,31.5,27.5,27,5
"Drink Swan Water Bottle","Enugu","Obollo",1,3,16,60.5,87,9,2
"Rice Local","Enugu","Orba",1,3,16,22,3,33,6
"Sorghum","Enugu","Nsukka",0,3,16,61.8333333333333,89.5,39,7
"Drink Swan Water Bottle","FCT","Gwagwalada-Abuja",21,5,26,72.1428571428571,95,11,2
"Rice Local","FCT","Wuse",1,5,26,67.375,87.5,35,6
"Sorghum","FCT","Karmo-Abuja",62,5,26,72,80,41,7
"Maize Yellow","FCT","Karmo-Abuja",0,5,26,66.375,88,23,4
"Cement Dangote","FCT","Karmo-Abuja",1,5,26,56,73,5,1
"Sorghum","FCT","Garki",60,5,26,72,80,41,7
"Rice Imported","FCT","Wuse-Abuja",0,5,26,63.8571428571429,82,29,5
"Maize White","FCT","Wuse-Abuja",0,5,26,66.625,84,17,3
"Cement Dangote","FCT","Kubwa",1,5,26,56,73,5,1
"Rice Local","FCT","Karmo-Abuja",1,5,26,67.375,87.5,35,6
"Rice Imported","FCT","Garki",0,5,26,63.8571428571429,82,29,5
"Maize Yellow","FCT","Wuse",0,5,26,66.375,88,23,4
"Maize White","FCT","Garki",0,5,26,66.625,84,17,3
"Drink Swan Water Bottle","FCT","Garki",26,5,26,72.1428571428571,95,11,2
"Rice Imported","Gombe","Kaltungo",99,6,35,61.7777777777778,86,30,5
"Cement Dangote","Gombe","Kumo",91,6,35,46.7142857142857,71,6,1
"Maize Yellow","Gombe","Kaltungo",98,6,35,61.8888888888889,86,24,4
"Maize White","Gombe","Kumo",98,6,35,73.6666666666667,98,18,3
"Sorghum","Gombe","Kumo",94,6,35,59.7142857142857,73,42,7
"Rice Local","Gombe","Kumo",81,6,35,66.2222222222222,81,36,6
"Drink Swan Water Bottle","Gombe","Gombe",95,6,35,54.2222222222222,46,12,2
"Rice Local","Imo","Umuoronjo",63,3,17,22,3,33,6
"Sorghum","Imo","Eke Owerri",97,3,17,61.8333333333333,89.5,39,7
"Maize White","Imo","Okigwe Urban",0,3,17,58.6666666666667,80,15,3
"Cement Dangote","Imo","Umuoronjo",73,3,17,54.8333333333333,75.5,3,1
"Maize Yellow","Imo","Okigwe Urban",0,3,17,48.5,57.5,21,4
"Drink Swan Water Bottle","Imo","Okigwe Urban",1,3,17,60.5,87,9,2
"Cement Dangote","Imo","Okigwe Urban",0,3,17,54.8333333333333,75.5,3,1
"Sorghum","Imo","Okigwe Urban",0,3,17,61.8333333333333,89.5,39,7
"Maize White","Imo","Eke Owerri",99,3,17,58.6666666666667,80,15,3
"Rice Local","Imo","Okigwe Urban",1,3,17,22,3,33,6
"Drink Swan Water Bottle","Imo","Relief Market",87,3,17,60.5,87,9,2
"Rice Imported","Imo","Okigwe Urban",0,3,17,31.5,27.5,27,5
"Maize Yellow","Imo","New Market",96,3,17,48.5,57.5,21,4
"Sorghum","Jigawa","Kazaure",91,4,18,71.2222222222222,91,40,7
"Maize White","Jigawa","Kazaure",88,4,18,64.9,88,16,3
"Cement Dangote","Jigawa","Dutse",12,4,18,52,77,4,1
"Maize Yellow","Jigawa","Birnin Kudu",0,4,18,41.6,33.5,22,4
"Maize Yellow","Jigawa","Kazaure",0,4,18,41.6,33.5,22,4
"Cement Dangote","Jigawa","Kazaure",12,4,18,52,77,4,1
"Rice Imported","Jigawa","Kazaure",99,4,18,65,89,28,5
"Rice Imported","Jigawa","Dutse",94,4,18,65,89,28,5
"Rice Local","Jigawa","Dutse",89,4,18,61.3,85.5,34,6
"Drink Swan Water Bottle","Jigawa","Kazaure",80,4,18,69.5555555555556,83,10,2
"Drink Swan Water Bottle","Jigawa","Birnin Kudu",80,4,18,69.5555555555556,83,10,2
"Maize White","Jigawa","Dutse",88,4,18,64.9,88,16,3
"Rice Local","Jigawa","Kazaure",89,4,18,61.3,85.5,34,6
"Sorghum","Jigawa","Birnin Kudu",91,4,18,71.2222222222222,91,40,7
"Cement Dangote","Kaduna","Kaduna",77,4,19,52,77,4,1
"Maize White","Kaduna","Samaru",95,4,19,64.9,88,16,3
"Maize Yellow","Kaduna","Zaria",100,4,19,41.6,33.5,22,4
"Sorghum","Kaduna","Kaduna",97,4,19,71.2222222222222,91,40,7
"Drink Swan Water Bottle","Kaduna","Samaru",96,4,19,69.5555555555556,83,10,2
"Rice Local","Kaduna","Zaria",91,4,19,61.3,85.5,34,6
"Rice Imported","Kaduna","Samaru",87,4,19,65,89,28,5
"Maize White","Kano","City",99,4,20,64.9,88,16,3
"Sorghum","Kano","Kano Municipal",88,4,20,71.2222222222222,91,40,7
"Rice Local","Kano","Rano",97,4,20,61.3,85.5,34,6
"Drink Swan Water Bottle","Kano","Rimi",99,4,20,69.5555555555556,83,10,2
"Maize Yellow","Kano","City",84,4,20,41.6,33.5,22,4
"Cement Dangote","Kano","City",91,4,20,52,77,4,1
"Rice Imported","Kano","Kano Municipal",91,4,20,65,89,28,5
"Rice Imported","Katsina","Baure",87,4,21,65,89,28,5
"Rice Local","Katsina","Funtua",65,4,21,61.3,85.5,34,6
"Drink Swan Water Bottle","Katsina","Daura",83,4,21,69.5555555555556,83,10,2
"Maize White","Katsina","Mai adua",93,4,21,64.9,88,16,3
"Cement Dangote","Katsina","Baure",87,4,21,52,77,4,1
"Maize Yellow","Katsina","Katsina",68,4,21,41.6,33.5,22,4
"Sorghum","Katsina","Katsina",75,4,21,71.2222222222222,91,40,7
"Maize Yellow","Kebbi","Birnin Kebbi",97,4,22,41.6,33.5,22,4
"Cement Dangote","Kebbi","Birnin Kebbi",90,4,22,52,77,4,1
"Drink Swan Water Bottle","Kebbi","Argungu",91,4,22,69.5555555555556,83,10,2
"Rice Imported","Kebbi","Birnin Kebbi",93,4,22,65,89,28,5
"Maize White","Kebbi","Argungu",97,4,22,64.9,88,16,3
"Rice Local","Kebbi","Birnin Kebbi",97,4,22,61.3,85.5,34,6
"Sorghum","Kebbi","Yauri",99,4,22,71.2222222222222,91,40,7
"Cement Dangote","Kogi","Mopa",75,5,27,56,73,5,1
"Rice Local","Kogi","Okene",91,5,27,67.375,87.5,35,6
"Maize White","Kogi","Okene",84,5,27,66.625,84,17,3
"Maize Yellow","Kogi","Ankpa",88,5,27,66.375,88,23,4
"Sorghum","Kogi","Ankpa",93,5,27,72,80,41,7
"Rice Imported","Kwara","Ilorin",82,5,28,63.8571428571429,82,29,5
"Rice Local","Kwara","Offa",82,5,28,67.375,87.5,35,6
"Maize Yellow","Kwara","Offa",97,5,28,66.375,88,23,4
"Sorghum","Kwara","Offa",41,5,28,72,80,41,7
"Maize White","Kwara","Pategi",91,5,28,66.625,84,17,3
"Drink Swan Water Bottle","Kwara","Ilorin",98,5,28,72.1428571428571,95,11,2
"Sorghum","Kwara","Ilorin",41,5,28,72,80,41,7
"Cement Dangote","Kwara","Jebba",28,5,28,56,73,5,1
"Drink Swan Water Bottle","Lagos","Iworo- Ikorodu",85,1,2,75.2,79,7,2
"Rice Local","Lagos","Agege",78,1,2,40.1666666666667,28,31,6
"Maize White","Lagos","Agege",88,1,2,60.1666666666667,63,13,3
"Sorghum","Lagos","Iworo- Ikorodu",74,1,2,52.8333333333333,46.5,37,7
"Maize Yellow","Lagos","Iworo- Ikorodu",96,1,2,51.8333333333333,44.5,19,4
"Cement Dangote","Lagos","Ayetoro - Epe",35,1,2,47.8333333333333,48.5,1,1
"Rice Local","Nasarawa","Akwanga",96,5,29,67.375,87.5,35,6
"Maize White","Nasarawa","Lafia",84,5,29,66.625,84,17,3
"Drink Swan Water Bottle","Nasarawa","Lafia",70,5,29,72.1428571428571,95,11,2
"Rice Imported","Nasarawa","Akwanga",99,5,29,63.8571428571429,82,29,5
"Cement Dangote","Nasarawa","Lafia",97,5,29,56,73,5,1
"Sorghum","Nasarawa","Akwanga",80,5,29,72,80,41,7
"Maize Yellow","Nasarawa","Lafia",88,5,29,66.375,88,23,4
"Sorghum","Niger","Kontagora",82,5,30,72,80,41,7
"Cement Dangote","Niger","Suleja",91,5,30,56,73,5,1
"Rice Imported","Niger","Minna",74,5,30,63.8571428571429,82,29,5
"Drink Swan Water Bottle","Niger","Minna",95,5,30,72.1428571428571,95,11,2
"Rice Local","Niger","Bida",88,5,30,67.375,87.5,35,6
"Maize Yellow","Niger","Bida",93,5,30,66.375,88,23,4
"Maize White","Niger","Suleja",75,5,30,66.625,84,17,3
"Sorghum","Ogun","Abeokuta",36,1,3,52.8333333333333,46.5,37,7
"Rice Imported","Ogun","Abeokuta",92,1,3,54.5,56.5,25,5
"Rice Local","Ogun","Abeokuta",72,1,3,40.1666666666667,28,31,6
"Maize White","Ogun","Ijebu-Ode",29,1,3,60.1666666666667,63,13,3
"Maize Yellow","Ondo","Ondo",51,1,4,51.8333333333333,44.5,19,4
"Rice Imported","Ondo","Okitipupa",36,1,4,54.5,56.5,25,5
"Drink Swan Water Bottle","Ondo","Akure",56,1,4,75.2,79,7,2
"Cement Dangote","Ondo","Okitipupa",50,1,4,47.8333333333333,48.5,1,1
"Maize White","Ondo","Ondo",52,1,4,60.1666666666667,63,13,3
"Sorghum","Ondo","Ondo",32,1,4,52.8333333333333,46.5,37,7
"Rice Local","Ondo","Ondo",16,1,4,40.1666666666667,28,31,6
"Maize White","Osun","Oshogbo",66,1,5,60.1666666666667,63,13,3
"Rice Imported","Osun","Ile-Ife",77,1,5,54.5,56.5,25,5
"Rice Local","Osun","Ilesha",28,1,5,40.1666666666667,28,31,6
"Drink Swan Water Bottle","Osun","Ile-Ife",81,1,5,75.2,79,7,2
"Sorghum","Osun","Oshogbo",82,1,5,52.8333333333333,46.5,37,7
"Maize Yellow","Osun","Ilesha",50,1,5,51.8333333333333,44.5,19,4
"Cement Dangote","Osun","Ilesha",47,1,5,47.8333333333333,48.5,1,1
"Maize Yellow","Oyo","Oyo",39,1,6,51.8333333333333,44.5,19,4
"Maize White","Oyo","Oyo",61,1,6,60.1666666666667,63,13,3
"Cement Dangote","Oyo","Ibadan",51,1,6,47.8333333333333,48.5,1,1
"Rice Imported","Oyo","Oyo",13,1,6,54.5,56.5,25,5
"Sorghum","Oyo","Oyo",44,1,6,52.8333333333333,46.5,37,7
"Drink Swan Water Bottle","Oyo","Ibadan",79,1,6,75.2,79,7,2
"Rice Local","Oyo","Oyo",28,1,6,40.1666666666667,28,31,6
"Maize White","Plateau","Jos",100,5,31,66.625,84,17,3
"Rice Imported","Plateau","Mangu",92,5,31,63.8571428571429,82,29,5
"Sorghum","Plateau","Jos",94,5,31,72,80,41,7
"Maize Yellow","Plateau","Mangu",68,5,31,66.375,88,23,4
"Cement Dangote","Plateau","Mangu",84,5,31,56,73,5,1
"Drink Swan Water Bottle","Plateau","Jos",97,5,31,72.1428571428571,95,11,2
"Rice Local","Plateau","Jos",87,5,31,67.375,87.5,35,6
"Cement Dangote","Rivers","Degema",46,2,12,68.3333333333333,73,2,1
"Maize White","Rivers","Bori",63,2,12,81.2,82,14,3
"Sorghum","Rivers","Bonny",78,2,12,79.6,78,38,7
"Rice Imported","Rivers","Bonny",80,2,12,81.8,80,26,5
"Maize Yellow","Rivers","Bori",85,2,12,77.2,85,20,4
"Drink Swan Water Bottle","Rivers","Bonny",93,2,12,75.5,75.5,8,2
"Maize Yellow","Sokoto","Wumo",0,4,23,41.6,33.5,22,4
"Rice Imported","Sokoto","Wumo",0,4,23,65,89,28,5
"Drink Swan Water Bottle","Sokoto","Sokoto",0,4,23,69.5555555555556,83,10,2
"Maize White","Sokoto","Central Market",2,4,23,64.9,88,16,3
"Maize White","Sokoto","Sokoto",0,4,23,64.9,88,16,3
"Cement Dangote","Sokoto","Central Market",1,4,23,52,77,4,1
"Cement Dangote","Sokoto","Sokoto",0,4,23,52,77,4,1
"Rice Local","Sokoto","Wumo",0,4,23,61.3,85.5,34,6
"Maize White","Sokoto","Wumo",0,4,23,64.9,88,16,3
"Rice Imported","Sokoto","Sokoto",1,4,23,65,89,28,5
"Rice Local","Sokoto","Sokoto",2,4,23,61.3,85.5,34,6
"Drink Swan Water Bottle","Sokoto","Central Market",4,4,23,69.5555555555556,83,10,2
"Rice Imported","Sokoto","Central Market",1,4,23,65,89,28,5
"Maize Yellow","Sokoto","Sokoto",0,4,23,41.6,33.5,22,4
"Sorghum","Sokoto","Central Market",1,4,23,71.2222222222222,91,40,7
"Rice Local","Sokoto","Central Market",1,4,23,61.3,85.5,34,6
"Maize Yellow","Sokoto","Central Market",2,4,23,41.6,33.5,22,4
"Sorghum","Sokoto","Sokoto",0,4,23,71.2222222222222,91,40,7
"Sorghum","Taraba","Mutum Biyu",88,6,36,59.7142857142857,73,42,7
"Rice Imported","Taraba","Mutum Biyu",97,6,36,61.7777777777778,86,30,5
"Drink Swan Water Bottle","Taraba","Karim-Lamido",95,6,36,54.2222222222222,46,12,2
"Rice Local","Taraba","Karim-Lamido",92,6,36,66.2222222222222,81,36,6
"Maize White","Taraba","Karim-Lamido",90,6,36,73.6666666666667,98,18,3
"Cement Dangote","Taraba","Karim-Lamido",92,6,36,46.7142857142857,71,6,1
"Maize Yellow","Taraba","Jalingo",94,6,36,61.8888888888889,86,24,4
"Rice Imported","Yobe","Gashua",86,6,37,61.7777777777778,86,30,5
"Maize Yellow","Yobe","Damaturu",98,6,37,61.8888888888889,86,24,4
"Rice Local","Yobe","Nguru",77,6,37,66.2222222222222,81,36,6
"Drink Swan Water Bottle","Yobe","Gashua",99,6,37,54.2222222222222,46,12,2
"Maize White","Yobe","Gashua",98,6,37,73.6666666666667,98,18,3
"Rice Local","Zamfara","Gusau",82,4,24,61.3,85.5,34,6
"Maize White","Zamfara","Gusau",87,4,24,64.9,88,16,3
"Sorghum","Zamfara","Gusau",99,4,24,71.2222222222222,91,40,7
"Rice Imported","Zamfara","Kaura Namoda",97,4,24,65,89,28,5
"Cement Dangote","Zamfara","Kaura Namoda",98,4,24,52,77,4,1
"Maize Yellow","Zamfara","Kaura Namoda",65,4,24,41.6,33.5,22,4
"Drink Swan Water Bottle","Zamfara","Gusau",93,4,24,69.5555555555556,83,10,2
